1,6953645836,Cameron,Jeannette,1982,Basra/Iraq,Universidad Argentina de la Empresa
2,2133768392,Ball,Laura,1980,Basel/Switzerland,Universidade Estadual do Centro Oeste
3,7059291046,Lucero,Maura,1971,Boulogne-Billancourt/France,Universidad Nacional de Lomas de Zamora
4,2403832938,Carpenter,Jill,1981,Bonao/Dominican,University of Technology Sydney
5,4392774718,Schmitt,Hobert,1986,Beihai/China,British Columbia Open University
6,7259042120,Palmer,Lupe,1985,Boksburg/South,Universidade de Fortaleza
7,3524506596,Bonilla,Rosemary,1987,Bangalore/India,Azerbaijan State Economic University
8,1240581343,Clayton,Susanne,1976,Bahraich/India,The College of The Bahamas
9,4162710956,Watson,Jamar,1983,Blackpool/United,Concordia University College of Alberta
10,6181574328,Wright,Chad,1972,Banja/Luka,Jagannath University
11,7812259165,Valenzuela,Paris,1989,Brusque/Brazil,Universidade Luterana do Brasil
12,3554054396,Figueroa,Jordon,1985,Bolzano/Italy,Bourgas University ""Prof. Assen Zlatarov""
13,7791713819,Whitaker,Bertha,1985,Behbahan/Iran,University of Prince Edward Island
14,2035408690,Warren,Norbert,1978,Borujerd/Iran,Universidade do Vale do Itajaí
15,7884110892,Walton,Deena,1978,Birmingham/United,Universität Salzburg
16,1089172961,Baldwin,Florentino,1983,Bhagalpur/India,Universidade Federal de Viçosa
17,1518205829,Hickman,Danilo,1986,Bento/Goncalves,Instituto Tecnológico de Aeronáutica
18,6846401823,Richard,Noah,1989,Bo/Sierra,Azerbaijan National Conservatorie
19,2588087974,Turner,Jame,1975,Bashiqa/Iraq,Universidade Federal Rural do Rio de Janeiro
20,1172169829,Lee,Danial,1981,Burbank/United,Daffodil International University
21,9025489571,Herring,Melinda,1979,Brno/Czech,University of Tuzla
22,2337245889,Richmond,Madeleine,1980,Belém/Brazil,Brac University
23,1807300199,Myers,Efrain,1971,Brisbane/Australia,State Engineering University of Armenia
24,5433671281,Nguyen,Stanley,1978,Barrie/Canada,University of Saskatchewan
25,1904902113,Boyer,Norman,1973,Brno/Czech,Columbia College
26,2373276785,Parsons,Angelique,1979,Bajos/de,Universidade Estácio de Sá
27,7866590997,Grant,Fannie,1982,Batumi/Georgia,Universidade Castelo Branco
28,4914670911,Merritt,Eldon,1985,Bishoftu/Ethiopia,University of Applied Sciences Solothurn Northwestern Switzerland
29,8003575940,Marsh,Irene,1981,Bento/Goncalves,Universidade Estadual da Paraíba
30,5528761096,Fry,Ethan,1981,Bikaner/India,Technical University of Sofia
31,4772559703,Hester,Lois,1984,Birgunj/Nepal,Pontifícia Universidade Católica de Minas Gerais
32,5241063253,Lewis,Melvin,1979,Boulogne-Billancourt/France,Ontario College of Art and Design
33,4043253614,Duke,Timothy,1974,Baqubah/Iraq,Bangladesh Agricultural University
34,5803737965,Thornton,Columbus,1979,Barshi/India,Stamford University
35,2619360780,Ali,Rachael,1984,Boulder/United,Belarussian State Academy of Music
36,3423719020,Escobar,Emma,1974,Battambang/Cambodia,University Canada West
37,8003361561,Gardner,Shauna,1989,Bajos/de,Universidade Federal de Goiás
38,5110948920,Doyle,Michal,1982,Boa/Vista,Universidad del Aconcagua
39,7356411161,Mathis,Lauri,1976,Bidhannagar/India,Azerbaijan Diplomatic Academy
40,3448290906,Soto,Jefferey,1980,Banswara/India,Polytechnic University of Tirane
41,8806613878,Dalton,Carlo,1978,Bizerte/Tunisia,Noakhali University of Science and Technology
42,4901025789,Cooke,Tyree,1983,Bobo-Dioulasso/Burkina,Universidade Gregorio Semedo
43,5368720494,Frost,Lane,1989,Bogra/Bangladesh,Bishop's University
44,8926561569,Becker,Carlene,1977,Bilbao/Spain,Pabna University of Science and Technology
45,5129862118,Esparza,Clemente,1990,Buzău/Romania,Universidade Católica de Petrópolis
46,5778728197,Werner,Manual,1982,Bundi/India,Mozyr State Pedagogical Institute
47,1658004364,Mcfarland,Angelique,1979,Brasília/Brazil,Universidad Nacional de Catamarca
48,3710620793,Gibbs,Albert,1989,Birgunj/Nepal,Universidade do Sul de Santa Catarina
49,9065100561,Delgado,Dorothea,1971,Badajoz/Spain,Universidade Federal de Juiz de Fora
50,9916678791,Johns,Carolina,1987,Bardhaman/India,American University of the Caribbean
51,3650119382,Fox,Branden,1977,Belfast/United,Baku State University
52,6899769084,Tyler,Sung,1984,Bhiwandi/India,Luther College
53,1140819793,Mccormick,Gavin,1986,Badlapur/India,Northern Alberta Institute of Technology
54,5399834401,Bentley,Rory,1971,Baoji/China,Universidade Santa Úrsula
55,5145977945,Huber,Leonard,1983,Barrancabermeja/Colombia,University of Rousse
56,7158360706,Branch,Yvonne,1984,Bouaké/Ivory,University of Development Alternative
57,8812663086,Alvarado,Gayle,1973,Banda/India,École Polytechnique de Montréal
58,5477237420,Cunningham,Armando,1983,Birmingham/United,University of Western Ontario
59,8777485424,Fletcher,Christoper,1972,Buraidah/Saudi,University of Ontario Institute of Technology
60,4440293086,Golden,Shanna,1988,Begusarai/India,Medical University Varna
61,8959071336,Harrington,Sammy,1987,Bacabal/Brazil,University of South Australia
62,7821172112,Dudley,Alonzo,1975,Buffalo/United,Southern University Bangladesh
63,9985910796,Pruitt,Rudy,1984,Bettiah/India,Gaborone Universal College of Law
64,8206554498,Moore,Adela,1986,Baranovichi/Belarus,Edith Cowan University
65,1099154874,Wall,Veronica,1985,Batam/Indonesia,Medizinische Universität Graz
66,2133464044,Montgomery,Margie,1972,Belgrade/Serbia,Quest University
67,7134357461,Lee,Tyree,1987,Burhanpur/India,Kateb Institute of Higher Education
68,5902890400,Swanson,Bobbi,1981,Barshi/India,Universidad Autónoma del Beni ""José Ballivián""
69,9062513809,Wang,Stacie,1980,Belfast/United,Universidad de Morón
70,6796365313,Pitts,Jonah,1979,Bandung/Indonesia,Kardan University
71,1308918602,Callahan,Oswaldo,1973,Benoni/South,Charles Darwin University
72,5320262679,Castro,Cathleen,1983,Bnei/Brak,Universidade Estadual de Campinas
73,9197944535,Richard,Patrica,1990,Banjarmasin/Indonesia,Fachhochschule St. Gallen
74,8374260881,Meadows,Marissa,1979,Bhiwadi/India,Universidad Maimónides
75,8198088014,Cameron,Nona,1980,Botad/India,Universidade Metodista de Piracicaba
76,1832914617,Nicholson,Rex,1979,Burgos/Spain,Khulna University of Engineering And Technology
77,7248107851,Barajas,Minnie,1975,Baiyin/China,Centro Universitário Plinio Leite
78,1744381535,Blair,Opal,1974,Bamenda/Cameroon,Applied Science University
79,2114047723,Diaz,Bridgett,1976,Bojnord/Iran,Bahrain Polytechnic
80,6794816962,Roberson,Michelle,1978,Brampton/Canada,Western University
81,7599528363,Logan,Les,1977,Bally/Bally-Jagachha,Belarussian State Polytechnical Academy
82,4552056783,Gallegos,Craig,1980,Beirut/Lebanon,Universidade de Uberaba
83,6771833213,Hardy,Erwin,1981,Bataysk/Russia,Bamiyan University
84,9713493443,Hendrix,Melinda,1987,Barisal/Bangladesh,Belarussian State University of Informatics and Radioelectronics
85,5735852278,Archer,Perry,1977,Białystok/Poland,Centro Universitário de João Pessoa
86,2024488996,Fitzgerald,Augustine,1985,Behbahan/Iran,University of Divinity
87,3915922956,Sloan,Greta,1971,Bahía/Blanca,Universidade Federal Rural do Rio de Janeiro
88,2448932974,Nguyen,Broderick,1980,Brno/Czech,Medizinische Universität Graz
89,8007660504,Frank,Clint,1989,Ballarat/Australia,University of Forestry Sofia
90,8120510543,Mcconnell,Karin,1983,Bei'an/China,Universidade de Vila Velha
91,5805917434,Spencer,Russ,1987,Buxar/India,Southern University Bangladesh
92,9106011028,Ross,Clara,1988,Birgunj/Nepal,Universidade Federal Rural de Pernambuco
93,1932461305,Durham,Claud,1980,Bouïra/Algeria,North Island College
94,4381880232,Richards,Herschel,1980,Bamako/Mali,Technical University of Gabrovo
95,8884111246,Sandoval,Melinda,1985,Bengkulu/Indonesia,Higher Colleges of Technology
96,5083276554,Hicks,Rae,1982,Bangkok/Thailand,University of Ottawa
97,6152219433,Joyce,Santiago,1973,Beijing/China,Technische Universität Wien
98,7552547236,Duffy,Candice,1980,Buenaventura/Colombia,Swiss Management Center
99,7044250420,Hammond,Fredrick,1986,Baicheng/China,Quest University
100,8006205390,Rodriguez,Brittany,1981,Bouïra/Algeria,Universidade Estadual do Centro Oeste
101,9282770572,Huff,Luis,1987,Bago/City,Universidad Nacional de Jujuy
102,3932811951,Bowman,Mai,1981,Burewala/Pakistan,University of Sydney
103,4961560168,Hunter,Cortez,1971,Bissau/Guinea-Bissau,Belarussian State Agricultural Academy
104,5592869930,Guzman,Earlene,1979,Boise/United,Universidade Estadual da Paraíba
105,5157411871,Michael,Barbra,1985,Beipiao/China,Kingston College
106,6096979014,Walls,Emanuel,1976,Blumenau/Brazil,Azerbaijan University ol Languages
107,3470792050,Patrick,Anastasia,1982,Bournemouth/United,Azerbaijan National Conservatorie
108,6813176296,Landry,Carrie,1978,Bratsk/Russia,University of St. Gallen
109,3539887611,Woods,Claude,1985,Bahraich/India,Arab Open University
110,5997191162,Floyd,Brandi,1972,Bandar/Abbas,Victoria University
111,7439874604,Benitez,Lesley,1971,Brest/Brest,Edith Cowan University
112,3170784286,Bradshaw,Johnny,1973,Berbera/Somalia,Universidade Estadual da Paraíba
113,2531138449,Hamilton,Harris,1981,Bila/Tserkva,Royal Melbourne Institute of Technology
114,1311278966,Atkinson,Jim,1985,Bukhara/Uzbekistan,Universidad Empresarial Mateo Kuljis
115,7341370548,Mann,Kirsten,1972,Behbahan/Iran,Escuela de Arquitectura y Diseño
116,4182241232,Rosales,Bruce,1990,Batna/Algeria,Universidade do Rio de Janeiro
117,3686719753,Lambert,Daphne,1974,Bulawayo/Zimbabwe,University of Food Technology
118,4296340416,Ray,Leonor,1985,Bouïra/Algeria,Universidade São Francisco
119,4786061270,Garner,Owen,1980,Beirut/Lebanon,Pacific International College
120,5210164902,Wade,Raul,1982,Bahadurgarh/India,University of the Netherlands Antilles
121,6914035194,Montgomery,Rubin,1971,Balneário/Camboriú,Universidade de São Paulo
122,3550339256,Dorsey,Lakeisha,1981,Biskra/Algeria,University of Health Sciences Antigua
123,8946050037,Floyd,Tammi,1972,Baise/China,Universidad Privada Boliviana
124,6723006409,Montgomery,Isaiah,1990,Bariloche/Argentina,Universidad Austral de Chile
125,1763611488,Lam,Kristopher,1978,Budaun/India,Fachhochschulstudiengänge der Wiener Wirtschaft
126,3785826644,Dunn,Monica,1972,Bolton/United,Brandon University
127,9640046102,Collins,Evan,1980,Bandar-e/Anzali,Universidad Blas Pascal
128,1072688028,Blackwell,Clint,1990,Barranquilla/Colombia,Universidad Domingo Savio
129,9534892899,Sullivan,Tammie,1972,Batman/Turkey,Katholisch Theologische Privatuniversität Linz
130,6086943579,Valdez,Arlen,1977,Bagaha/India,American University
131,6469437626,Garrison,Anita,1974,Balikpapan/Indonesia,Vitebsk State Technological University
132,2913176476,Peters,Lucile,1984,Bandar/Seri,Vrije Universiteit Brussel
133,7257898170,Herman,Dave,1982,Bangkok/Thailand,Bourgas Free University
134,4339628024,Howard,Faustino,1976,Bo/Sierra,European International University
135,2625497974,Clayton,Raymundo,1975,Batu/Pahat,University of Applied Sciences Chur
136,7057050726,Foster,Polly,1981,Bashiqa/Iraq,Universität für künstlerische und industrielle Gestaltung Linz
137,1023701728,Hicks,Clint,1984,Bhadrak/India,University of Technology Sydney
138,1556767448,Bullock,Herminia,1975,Botucatu/Brazil,University of Berne
139,1575974100,Galvan,Quincy,1977,Bacău/Romania,American University in the Emirates
140,2613375279,Tran,Xavier,1972,Benito/Juárez,St. Anne University
141,3331508753,Gilbert,Milton,1989,Boulder/United,Universidade do Estado do Rio Grande do Norte
142,4932360254,Wolf,Timmy,1974,Berhampur/India,Gomel State Medical University
143,6483115728,Wilkinson,Jeff,1982,Burhanpur/India,Al Khawarizmi International College
144,8051467074,Mendoza,Ernie,1990,Bauru/Brazil,University of Zürich
145,3005242909,Carpenter,Alice,1977,Borujerd/Iran,Universidad de Morón
146,9256531486,Tran,Roxie,1981,Bahraich/India,Memorial University of Newfoundland
147,3083099987,Bell,Marcia,1972,Bandar/Abbas,Acadia University
148,6578091313,Dougherty,Valentine,1981,Barisal/Bangladesh,Universidad NUR
149,4004803254,Mora,Jayson,1976,Baguio/Philippines,Khulna University of Engineering And Technology
150,3865170491,Skinner,Owen,1979,Bekasi/Indonesia,Universidad Nacional de Quilmes
151,7875145656,Alvarez,Tricia,1973,Bournemouth/United,Universidade de Fortaleza
152,1999681451,Hull,Gregory,1980,Bazhou/China,Universidade de Mogi das Cruzes
153,8051483333,Roman,Jimmy,1976,Berrechid/Morocco,Brussels School of International Studies
154,2943704901,Lester,Eldon,1982,Bogor/Indonesia,Universidade Salvador
155,9651726530,Sosa,Carolina,1988,Bouaké/Ivory,Universidade Estadual do Ceará
156,8794132656,Duran,Clark,1990,Bandar-e/Mahshahr,Universidad Católica de La Plata
157,9241612142,Graves,Cliff,1971,Balurghat/India,Universidade do Extremo Sul Catarinense
158,5802655030,Bell,Cliff,1981,Bujumbura/Burundi,American University of Sharjah
159,6748664299,Nguyen,Marilyn,1975,Ballia/India,Simon Fraser University
160,3681857025,Mccullough,Erasmo,1980,Belfast/United,Universidade Estadual de Maringá
161,6091503338,Mendez,Cody,1985,Białystok/Poland,Applied Science University
162,6212099601,Mcclain,Jose,1979,Bukan/Iran,New York Instiute of Technology
163,5795091570,Perry,Anita,1974,Bobo-Dioulasso/Burkina,Espam Formation University
164,8145665241,Barron,Tania,1973,Baleshwar/India,Australian Catholic University
165,7960837445,Pope,August,1984,Belford/Roxo,Baki Business University
166,3685843632,Beasley,Christi,1973,Balurghat/India,Universidad Blas Pascal
167,4117710107,Compton,Pearlie,1982,Barrackpur/India,Universidade Federal de Santa Maria
168,3906228837,Ryan,Lily,1986,Bruges/Belgium,Veterinärmedizinische Universität Wien
169,5135373318,Reyes,Chad,1990,Bathinda/India,Arab Open University
170,8141151767,Medina,Jacquelyn,1978,Binzhou/China,Escuela Militar de Ingeniería
171,1632354622,Hawkins,Jonas,1977,Bajos/de,Universidade de Vila Velha
172,5806155602,Jefferson,Ivy,1984,Bathinda/India,Universidad Alberto Hurtado
173,9978077898,Johnston,Jesus,1989,Banda/India,Gomel State Medical University
174,1941718975,Valencia,Erika,1971,Bauru/Brazil,Universidade para o Desenvolvimento do Alto Vale do Itajaí
175,6535721968,Randall,Clara,1989,Berrechid/Morocco,Universidad Nacional del Sur
176,4206426696,Foster,Betty,1979,Bello/Colombia,William and Catherine Booth College
177,8635032391,Cross,Terry,1971,Bahraich/India,American University of Tirana
178,2214853679,Fuentes,Jamey,1987,Benguela/Angola,Bond University
179,8658353375,Warren,Jim,1973,Beipiao/China,University of Applied Sciences Chur
180,2107100035,Cabrera,Laverne,1990,Batumi/Georgia,Universidade Estadual do Vale do Acaraú
181,5706536188,Wiley,Booker,1976,Burbank/United,Mount Saint Vincent University
182,9524654975,Henderson,Carla,1990,Bandar/Lampung,Gulf University College
183,2336408418,Arnold,Aisha,1981,Benoni/South,Mount Allison University
184,5941292287,Flowers,Nicole,1989,Batam/Indonesia,Azerbaijan University ol Languages
185,6346289887,Lawrence,Tessa,1972,Barreiras/Brazil,Sadat Institute of Higher Education
186,8625846820,French,Freida,1986,Bou/Saâda,Universidade Federal de Sergipe
187,5957000582,Spears,Kirsten,1987,Bloemfontein/South,Univerzitet u Mostaru ""Dzemal Bijedic""
188,2420137578,Rosales,Milton,1990,Brno/Czech,Universidade de Vila Velha
189,3737730874,Haynes,Evangelina,1973,Baoshan/China,Universidad Nacional de Villa María
190,3136016460,Haas,Eugene,1976,Brampton/Canada,Universidad Nacional de Córdoba
191,4169478326,Howell,Albert,1974,Bongao/Philippines,Eurasia International University
192,6675125475,Mckenzie,Jayne,1972,Belém/Brazil,Fachhochschulstudiengänge Wels
193,3850425133,Payne,Cassie,1972,Bucharest/Romania,Central Queensland University
194,1058054656,Rosario,Hollis,1990,Bintulu/Malaysia,Gomel State University Francisk Scarnia
195,7776668324,Francis,Bethany,1989,Bonao/Dominican,IBAIS University
196,4723844030,Ray,Shelly,1975,Barasat/India,Botswana College of Agriculture
197,5055647516,Cannon,Malik,1975,Bydgoszcz/Poland,Universidade Luterana do Brasil
198,5581386389,Wagner,Dolores,1988,Barbacena/Brazil,Vrije Universiteit Brussel
199,5071649307,Carlson,Sonya,1986,Bintulu/Malaysia,Universidade de Nova Iguaçu
200,6183447717,Valdez,Ollie,1983,Bnei/Brak,University of Gjirokstra ""Eqerem Cabej""
201,8199816382,Sanchez,Peter,1983,Bou/Saâda,Universidad de Buenos Aires
202,1041189203,Russo,Erwin,1977,Beira/Mozambique,University of Liberal Arts
203,2142816474,Cuevas,Orval,1979,Bushehr/Iran,Swiss Management Center
204,4348973881,Bradley,Emmitt,1987,Barueri/Brazil,Universidad Nacional del Comahue
205,9973861744,Ayers,Deena,1983,Basel/Switzerland,Bangabandhu Sheikh Mujibur Rahman Medical University
206,5668497272,Rollins,Ernie,1985,Bolzano/Italy,Technikum Wien
207,3140599572,Gonzales,Vernon,1988,Bordj/Bou,Bow Valley College
208,8020538981,Travis,Deborah,1974,Baraut/India,Sarajevo Film Academy
209,8156384044,Cline,Solomon,1975,Burari/India,James Cook University of North Queensland
210,4147724688,Graham,Nick,1977,Barcarena/Brazil,Hochschule für Gestaltung und Kunst Zürich
211,1415924655,Moses,Nathanael,1990,Buffalo/United,Centro Universitário Plinio Leite
212,4336508819,Blair,Aurora,1980,Barra/Mansa,Kwantleen University College
213,8075055916,Elliott,Claude,1985,Bagalkot/India,Bow Valley College
214,6981030725,Riley,Ericka,1982,Bonn/Germany,Katholieke Universiteit Leuven
215,2128002004,Hardin,Donovan,1988,Barnala/India,Islamic University Kushtia
216,4367296401,Thornton,Shaun,1971,Bolzano/Italy,Gomel State University Francisk Scarnia
217,9211262527,Richard,Amber,1990,Burlington/Ontario,Universidade de Santo Amaro
218,4843240483,Trujillo,Winston,1980,Brussels/Belgium,South West University ""Neofit Rilski""
219,2907459588,Mcpherson,Evangelina,1980,Bangalore/India,Capilano College
220,6038588649,Flynn,Thelma,1984,Bayamón/Puerto,Universidad de Aquino Bolivia
221,2719359749,Ewing,Elinor,1972,Bauru/Brazil,Université de Kamina
222,9385360948,Thomas,Rae,1988,Baicheng/China,French University in Armenia (UFAR)
223,3401825459,Knox,June,1989,Bilbao/Spain,Kardan University
224,2881396250,Macias,Clint,1983,Bouïra/Algeria,Belarussian State University of Informatics and Radioelectronics
225,8023983692,Rasmussen,Anastasia,1971,Barysaw/Belarus,Universidad Nacional de la Patagonia Austral
226,7958070168,Alvarado,Louisa,1982,Bihar/Sharif,Universidad Tecnológica Nacional
227,2611332103,Washington,Chadwick,1973,Bergamo/Italy,University of New South Wales
228,8047543198,Tapia,Jamey,1982,Benguela/Angola,Varna Free University
229,7196578463,Kane,Manual,1973,Breda/Netherlands,Botswana College of Agriculture
230,1433720443,Jordan,Earlene,1986,Bordj/El,Ganja State University
231,4990327810,Leonard,James,1990,Bordj/El,Universidade Federal da Paraíba
232,7907183446,Johnston,Abel,1983,Banjarmasin/Indonesia,Universidad Andina Simón Bolivar
233,5123637168,Villa,Billy,1972,Baise/China,Universidade de Santa Cruz do Sul
234,8400365125,Spence,Ester,1976,Budapest/Hungary,Université Protestante au Congo
235,4576999685,Porter,Dino,1984,Berkeley/United,Gulf Medical University
236,6424465247,Lee,Marissa,1976,Baise/China,Durham College
237,4074753242,Walsh,Kelsey,1989,Beirut/Lebanon,Universidad Católica Boliviana
238,3180792994,Mcconnell,Gerard,1981,Burlington/Ontario,Gomel State Technical University Pavel Sukhoi
239,1885492578,Avila,Essie,1979,Baraki/Algeria,University Of Dubai
240,2290368921,Werner,Wade,1983,Baise/China,Universidad Nacional de Jujuy
241,5624756149,Gibson,Rosemarie,1985,Brest/Brittany,Universidad Blas Pascal
242,3563666435,Dawson,Erwin,1987,Béchar/Algeria,St. Francis Xavier University
243,4640227506,Bentley,Earnestine,1983,Batumi/Georgia,North South University
244,3231459970,Prince,Clemente,1986,Bucheon/South,Universidade Federal de Campina Grande
245,1792994212,Shaffer,Lesley,1984,Balıkesir/Turkey,Universidade de Taubaté
246,9334566264,Manning,Desiree,1974,Boulogne-Billancourt/France,Universität für Musik und darstellende Kunst Wien
247,3624357640,Bray,Scotty,1974,Bally/Howrah,American University of the Caribbean
248,7831570599,Hanson,Penelope,1973,Berrechid/Morocco,Algonquin College
249,2035722562,Bentley,Margo,1977,Baoshan/China,Universidad de Ciencias Empresariales y Sociales
250,2830658854,Morton,Traci,1979,Barka/Oman,Universidade Federal de Minas Gerais
251,3104546128,Moses,Marcia,1974,Beau-Bassin/Rose-Hill,Australian Maritime College
252,3671013010,Johnston,Bernice,1985,Bilbao/Spain,St. Clair College
253,3679348165,Kirby,Enoch,1974,Bruges/Belgium,Sheridan College
254,2823258687,Young,Trinidad,1990,Bankura/India,Les Roches Gruyère University of Applied Sciences
255,5833974423,Kidd,Janine,1990,Busan/South,University of Zenica
256,6915352391,Mitchell,Herman,1971,Bhalswa/Jahangir,Universität für Bodenkultur Wien
257,7433757536,Bates,Florentino,1983,Baotou/China,Kingston College
258,2345580364,Salinas,Kristi,1986,Bolu/Turkey,Université de Lubumbashi
259,4397658238,Coleman,Odell,1975,Bhatpara/India,University of Ontario Institute of Technology
260,2512959134,Mclean,Minnie,1972,Bafoussam/Cameroon,Shoumen University ""Konstantin Preslavski""
261,7028089186,David,Cedrick,1973,Bhopal/India,Swiss Federal Institute of Technology
262,3347015276,Barber,Maura,1987,Blantyre/Malawi,Gomel State Technical University Pavel Sukhoi
263,8690284878,Chase,Gilbert,1986,Brasília/Brazil,Instituto Tecnológico de Buenos Aires
264,3522229694,Reyes,Terrell,1976,Baoji/China,Vrije Universiteit Brussel
265,4603843376,Mcneil,Herschel,1986,Brighton/United,Universidade Estadual de Maringá
266,9373195243,Krause,Allan,1989,Bayamo/Cuba,Universidade Federal Rural de Pernambuco
267,7848124399,Horn,Lupe,1979,Boulder/United,École Polytechnique de Montréal
268,1737446779,Huynh,Dorian,1975,Blida/Algeria,Universidade de Nova Iguaçu
269,2214676195,Gay,Eduardo,1979,Bandar/Seri,Universität für Bodenkultur Wien
270,5857689326,Patton,Lori,1972,Bharuch/India,Khalifa University
271,3856489175,Patrick,Rodney,1980,Batam/Indonesia,Alhosn University
272,9902148760,Krause,Virgie,1985,Barquisimeto/Venezuela,Universidad de Buenos Aires
273,6478881308,Patterson,Susan,1984,Bradford/United,International Islamic University Chittagong
274,7906084557,James,Derrick,1979,Bat/Yam,Nova Scotia Agricultural College
275,8470415102,Kane,Alice,1975,Burgas/Bulgaria,Veterinärmedizinische Universität Wien
276,1739351267,Cox,Nickolas,1974,Beed/India,Gaborone Universal College of Law
277,2797378126,Allen,Clark,1986,Bankura/India,Acadia University
278,7788661977,Mayo,Ophelia,1976,Balneário/Camboriú,Sadat Institute of Higher Education
279,1843403822,Cunningham,Imogene,1983,Berbera/Somalia,Islamic University of Technology
280,7577042605,Benjamin,Wesley,1977,Bettiah/India,Fachhochschule Kufstein (Tirol)
281,1487152445,Underwood,Sung,1988,Burao/Somalia,Nicola Valley Institute of Technology
282,6663640244,Salazar,Max,1984,Burhanpur/India,Academy of Music
283,4466297495,Delacruz,Glen,1980,Berrechid/Morocco,Shaikh Zayed University
284,9109707030,Bryan,Lon,1987,Bordeaux/France,Polotsk State University
285,8755988150,Foley,Rosario,1982,Beppu/Japan,Universidad Nacional de Catamarca
286,5110096202,Shepard,Tara,1973,Baranovichi/Belarus,Australian National University
287,6747661745,Day,Queen,1987,Bhilai/India,Universidade de São Paulo
288,8274617409,Craig,Elmo,1978,Birmingham/Alabama,Southern Cross University
289,5666434751,Hancock,Vance,1990,Billings/United,Fachhochschulstudiengänge Hagenberg
290,1206098114,Garner,Morgan,1978,Bahía/Blanca,Alhosn University
291,1572756482,Shields,Ariel,1982,Busan/South,Universidade Federal Rural do Semi Árido
292,5869598832,Rollins,Brenton,1986,Bucharest/Romania,Parwan University
293,6125181936,Guerra,Judson,1987,Baqubah/Iraq,Vitebsk State Academy of Veterinary Medicine
294,1200771086,Zavala,Clint,1975,Bochum/Germany,Universidad Alberto Hurtado
295,3435023975,Cain,Demarcus,1972,Beipiao/China,Instituto Nacional de Matemática Pura e Aplicada   IMPA
296,2250656168,Greene,Emma,1971,Banda/Aceh,Fachhochschule Pur
297,6011064962,Yu,Trinidad,1988,Barysaw/Belarus,Universidade Metropolitana de Santos
298,2059939458,Haas,Donnell,1978,Berkeley/United,Nova Scotia Agricultural College
299,8432217769,Kent,Sydney,1980,Bremen/Germany,Shahjalal University of Science and Technology
300,9640859572,Schroeder,Marie,1986,Borujerd/Iran,University Of Dubai
301,2926473619,Long,Tory,1985,Braunschweig/Germany,Universidad Bolivariana
302,7674630887,Montoya,Hassan,1978,Bolton/United,National Military Academy of Afghanistan
303,1836038347,Fitzpatrick,Willis,1979,Belo/Horizonte,Universidad Nacional de Catamarca
304,6754183620,Calderon,Hilario,1976,Biskra/Algeria,Erasmushogeschool Brussel
305,6734605380,English,Dillon,1985,Bhimdatta/Nepal,Belarussian State Agrarian Technical University
306,4376132906,Holland,Tyrone,1990,Bago/City,Erasmushogeschool Brussel
307,8515194569,Sanders,Miriam,1982,Badlapur/India,Universidad Academia de Humanismo Cristiano
308,4143166913,Marks,Catalina,1986,Burbank/United,Jumeira University
309,9600518572,Stephens,Von,1972,Baruta/Venezuela,Sauder School of Business
310,4413155575,Graves,Irwin,1984,Basel/Switzerland,Faculdades Integradas do Brasil   UNIBRASIL
311,8348394305,Ellison,Fernando,1974,Bharatpur/Rajasthan,Université de Bandundu Ville
312,3144544543,Ware,Glenn,1980,Bihar/Sharif,Kwantleen University College
313,2396703441,Bolton,Herminia,1972,Botou/China,Business and Hotel Management School
314,3490485299,Norris,Broderick,1986,Beed/India,Faculdades Integradas Toledo
315,6191774890,Page,Noreen,1980,﻿Babol/Iran,International University in Geneva
316,7012254529,Brown,Deirdre,1978,Barranquilla/Colombia,Faculdades Integradas Toledo
317,4246831268,Schmitt,Andre,1979,Budaun/India,Bangladesh University of Business & Technology
318,2870761569,Pineda,Deshawn,1987,Bangalore/India,Universidade Federal do Vale do São Francisco
319,1477355331,Yates,Melinda,1979,Bayamo/Cuba,University of Bahrain
320,5734067742,Mullen,Sonny,1972,Brisbane/Australia,Universidad Champagnat
321,8642010912,Villegas,Jayson,1979,Berkeley/United,University of New Brunswick
322,1723894498,Christensen,Eusebio,1976,Bloemfontein/South,Universidad de Morón
323,5213126420,Klein,Esmeralda,1984,Budapest/Hungary,Universidad Austral de Chile
324,3382136632,Marsh,Emmitt,1983,Berezniki/Russia,Universidad de Morón
325,3588027359,Mccann,Ophelia,1979,Braunschweig/Germany,Belarussian State Technological University
326,5591645583,Shepherd,Jerrod,1986,Bankura/India,American University of Armenia
327,2811203570,Price,James,1990,Bouaké/Ivory,Al Ghurair University
328,6884708893,Torres,Buster,1984,Budaun/India,William and Catherine Booth College
329,3296896357,Shepherd,Gabriel,1973,Besançon/France,Fachhochschule St. Gallen
330,3537540129,Frost,Rudolf,1975,Bago/City,Academy of Economics ""Dimitur A. Tscenov""
331,4846289760,Snyder,Rolando,1984,Bago/City,Universidade São Francisco
332,8345594970,Mcintyre,Lenore,1988,Bengbu/China,Universidad Católica de Cuyo
333,7709498650,Morse,Harlan,1990,Bhind/India,University of Trinity College
334,9140402541,Mcintosh,Nick,1983,Bongao/Philippines,Universidad Autónoma de Entre Ríos
335,9228176770,Carrillo,Phoebe,1983,Baidyabati/India,Universidade Católica de Salvador
336,1219703771,Lowe,Terry,1974,Beijing/China,James Cook University of North Queensland
337,5358537876,Poole,Ines,1974,Berkeley/United,Akademie der bildenden Künste Wien
338,4121037204,Hickman,Quincy,1985,Bally/Howrah,Kingston College
339,6594394184,Obrien,Alyce,1988,Burnaby/Canada,Hogeschool West Vlaanderen (TU)
340,8931412850,Whitney,Julie,1977,Botad/India,Centro Regional Universitário de Espiríto Santo do Pinhal
341,1324641135,Lindsey,Adela,1977,Bouaké/Ivory,Erasmushogeschool Brussel
342,7076728931,Alexander,Ivy,1982,Bengkulu/Indonesia,Pontificia Universidade Católica do Paraná
343,7722516105,Koch,Jordon,1973,Bagaha/India,Universidad Nacional de Misiones
344,8741686394,Gutierrez,Francisco,1989,Bujumbura/Burundi,Universidad Católica de Córdoba
345,5141154621,Carney,Malcom,1982,Berhampur/India,University of Notre Dame Australia
346,6503280092,Hansen,Shirley,1990,Bajos/de,Universidad Católica Boliviana
347,4480771581,David,Marisa,1987,Baishan/China,Universidade Federal Rural de Pernambuco
348,3771807281,Fox,Otis,1990,Bahir/Dar,Azerbaijan University ol Languages
349,6274743345,Chavez,Caitlin,1980,Begusarai/India,Ibn Sina University
350,9523485583,Mcgee,Sonja,1989,Banjul/Gambia,Brussels School of International Studies
351,5583812354,Hall,Zachary,1971,Balikpapan/Indonesia,Universiteit Antwerpen
352,9504887333,Shepherd,Tiffany,1990,Bristol/United,University of Northern British Columbia
353,8135842153,Herring,Brice,1980,Brisbane/Australia,Universidade Federal de Uberlândia
354,1953988795,Allison,Paris,1971,Budapest/Hungary,International University College
355,7707178570,Pitts,Bradley,1976,Bucaramanga/Colombia,Universidad Notarial Argentina
356,5644743640,Poole,Jerold,1983,Barquisimeto/Venezuela,Australian Correspondence Schools
357,4807530055,Bonilla,Lawanda,1982,Burnaby/Canada,Universidad Nacional de Jujuy
358,9186301564,Wiley,Huey,1984,Burlington/Ontario,University of Belize
